{"epoch": 0, "_timestamp": 1709604298.2756774, "_runtime": 9.077831506729126, "_step": 0}