{"epoch": 0, "_timestamp": 1710218613.0859115, "_runtime": 7.655742406845093, "_step": 0}