{"epoch": 0, "_timestamp": 1706073517.5724502, "_runtime": 28.34643816947937, "_step": 1, "loss": 10.442359924316406, "lr": 0.0, "wd": 0.0001}