{"epoch": 0, "_timestamp": 1706073332.156408, "_runtime": 72.82172799110413, "_step": 1, "loss": 10.435934066772461, "lr": 0.0, "wd": 0.0001}