{"epoch": 0, "_timestamp": 1706072629.8301675, "_runtime": 33.731555461883545, "_step": 2, "loss": 11.273083686828613, "lr": 1.6201346707782658e-08, "wd": 0.0001}