{"epoch": 0, "_timestamp": 1709604638.0305486, "_runtime": 178.2093105316162, "_step": 3, "loss": 11.268479347229004, "lr": 3.2402693415565316e-08, "wd": 0.0001, "_wandb": {"runtime": 191}}