{"epoch": 0, "_timestamp": 1710218839.438912, "_runtime": 34.392438888549805, "_step": 2, "loss": 11.286138534545898, "lr": 1.6201346707782658e-08, "wd": 0.0001, "_wandb": {"runtime": 44}}