{"epoch": 0, "_timestamp": 1709604383.569005, "_runtime": 8.5086510181427, "_step": 0}